,precision,recall,f1-score,support
Normal,0.9847715736040609,0.9864406779661017,0.9856054191363252,590.0
Tuberculosis,0.9837067209775967,0.9817073170731707,0.982706002034588,492.0
accuracy,0.9842883548983364,0.9842883548983364,0.9842883548983364,0.9842883548983364
macro avg,0.9842391472908287,0.9840739975196362,0.9841557105854566,1082.0
weighted avg,0.9842873707461862,0.9842883548983364,0.9842870150567923,1082.0
